User ID,Last Name,First Name,Email,Role,Time Spent(total),Total Runs,Total Score,Total Develops,Total Submits,Total Pivots,Feat: Start date,Feat: End date,Feat: Work type,Feat: # Submits,Feat: Time spent,Feat: Suspicious,Lab1.2 Time spent,Lab1.2 # of runs,Lab1.2 % score,Lab1.2 # of devs,Lab1.2 # of subs,Lab1.2 User Code
27496988400.0,Aboukhalil,Lawrence,labou003@ucr.edu,Student,05m 00s,7,10.0,6,1,0,x,x,x,x,x,x,05m 00s,7,10.0,6,1,"#include <iostream>
using namespace std;

int main() {
   string firstName;
   string genericLocation;
   int wholeNumber;
   string pluralNoun;
   
   /* Type your code here. */
   cin >> firstName;
   cin >> genericLocation;
   cin >> wholeNumber;
   cin >> pluralNoun;
   cout << firstName << "" went to "" << genericLocation << "" to buy "" << wholeNumber << "" different types of "" << pluralNoun << ""."" << endl;

   return 0;
}"
27595952700.0,Abrego,Marvin,mabre003@ucr.edu,Student,00m 00s,1,0,1,0,0,x,x,x,x,x,x,00m 00s,1,0,1,0,
